algorithm,array_type,n,time_us,char_cmps
StdQuickSort,random,100,31.72,715
StdMergeSort,random,100,203.10,589
StrQuickSort,random,100,32.54,626
StrMergeSort,random,100,326.88,583
MsdRadix,random,100,80.66,0
MsdRadixQuick,random,100,32.12,47
StdQuickSort,reverse,100,32.08,934
StdMergeSort,reverse,100,196.28,595
StrQuickSort,reverse,100,27.32,587
StrMergeSort,reverse,100,262.24,431
MsdRadix,reverse,100,67.04,0
MsdRadixQuick,reverse,100,46.44,337
StdQuickSort,almost,100,27.86,868
StdMergeSort,almost,100,194.38,787
StrQuickSort,almost,100,24.20,520
StrMergeSort,almost,100,294.50,602
MsdRadix,almost,100,66.10,0
MsdRadixQuick,almost,100,65.66,336
StdQuickSort,prefix,100,221.52,9269
StdMergeSort,prefix,100,327.74,6989
StrQuickSort,prefix,100,49.52,1906
StrMergeSort,prefix,100,403.52,1757
MsdRadix,prefix,100,285.80,0
MsdRadixQuick,prefix,100,209.50,61
StdQuickSort,random,200,90.04,1692
StdMergeSort,random,200,560.76,1480
StrQuickSort,random,200,106.34,1442
StrMergeSort,random,200,2294.54,1412
MsdRadix,random,200,195.86,0
MsdRadixQuick,random,200,105.24,196
StdQuickSort,reverse,200,103.76,2095
StdMergeSort,reverse,200,592.02,1303
StrQuickSort,reverse,200,78.06,1232
StrMergeSort,reverse,200,815.82,968
MsdRadix,reverse,200,186.24,0
MsdRadixQuick,reverse,200,137.50,747
StdQuickSort,almost,200,63.60,2032
StdMergeSort,almost,200,551.96,1843
StrQuickSort,almost,200,86.30,1215
StrMergeSort,almost,200,716.66,1418
MsdRadix,almost,200,129.78,0
MsdRadixQuick,almost,200,93.16,716
StdQuickSort,prefix,200,460.66,22597
StdMergeSort,prefix,200,767.36,16788
StrQuickSort,prefix,200,114.74,3977
StrMergeSort,prefix,200,944.00,3782
MsdRadix,prefix,200,403.42,0
MsdRadixQuick,prefix,200,354.90,208
StdQuickSort,random,300,160.92,3237
StdMergeSort,random,300,802.18,2523
StrQuickSort,random,300,144.72,2193
StrMergeSort,random,300,1116.76,2340
MsdRadix,random,300,259.58,0
MsdRadixQuick,random,300,111.72,428
StdQuickSort,reverse,300,115.90,3331
StdMergeSort,reverse,300,869.30,2027
StrQuickSort,reverse,300,127.04,2031
StrMergeSort,reverse,300,1449.96,1533
MsdRadix,reverse,300,258.40,0
MsdRadixQuick,reverse,300,174.42,1102
StdQuickSort,almost,300,97.70,3183
StdMergeSort,almost,300,697.32,2804
StrQuickSort,almost,300,92.78,1996
StrMergeSort,almost,300,1085.68,2194
MsdRadix,almost,300,231.04,0
MsdRadixQuick,almost,300,148.82,1127
StdQuickSort,prefix,300,779.32,34553
StdMergeSort,prefix,300,1504.42,27580
StrQuickSort,prefix,300,215.42,5813
StrMergeSort,prefix,300,2093.20,5879
MsdRadix,prefix,300,887.50,0
MsdRadixQuick,prefix,300,732.46,419
StdQuickSort,random,400,195.70,4169
StdMergeSort,random,400,1049.02,3650
StrQuickSort,random,400,157.46,3162
StrMergeSort,random,400,1932.48,3303
MsdRadix,random,400,372.52,0
MsdRadixQuick,random,400,193.98,692
StdQuickSort,reverse,400,162.38,4689
StdMergeSort,reverse,400,1569.68,2851
StrQuickSort,reverse,400,187.36,2747
StrMergeSort,reverse,400,1883.10,2141
MsdRadix,reverse,400,387.80,0
MsdRadixQuick,reverse,400,198.02,1492
StdQuickSort,almost,400,133.20,4477
StdMergeSort,almost,400,974.78,3912
StrQuickSort,almost,400,129.32,2762
StrMergeSort,almost,400,1350.42,2997
MsdRadix,almost,400,263.30,0
MsdRadixQuick,almost,400,190.18,1479
StdQuickSort,prefix,400,1126.90,55787
StdMergeSort,prefix,400,1661.00,38947
StrQuickSort,prefix,400,202.42,7856
StrMergeSort,prefix,400,2019.66,8039
MsdRadix,prefix,400,794.60,0
MsdRadixQuick,prefix,400,689.20,675
StdQuickSort,random,500,212.04,5307
StdMergeSort,random,500,1419.02,4852
StrQuickSort,random,500,214.58,4075
StrMergeSort,random,500,1713.32,4301
MsdRadix,random,500,598.36,0
MsdRadixQuick,random,500,2086.14,1011
StdQuickSort,reverse,500,301.86,5888
StdMergeSort,reverse,500,1791.44,3761
StrQuickSort,reverse,500,166.34,3592
StrMergeSort,reverse,500,1705.94,2820
MsdRadix,reverse,500,405.98,0
MsdRadixQuick,reverse,500,243.12,1871
StdQuickSort,almost,500,170.60,5729
StdMergeSort,almost,500,1431.76,4908
StrQuickSort,almost,500,170.02,3591
StrMergeSort,almost,500,1695.90,3833
MsdRadix,almost,500,326.24,0
MsdRadixQuick,almost,500,374.66,1893
StdQuickSort,prefix,500,1552.12,64378
StdMergeSort,prefix,500,2983.10,50909
StrQuickSort,prefix,500,291.68,10329
StrMergeSort,prefix,500,2894.32,10237
MsdRadix,prefix,500,1186.74,0
MsdRadixQuick,prefix,500,965.36,1002
StdQuickSort,random,600,287.88,6947
StdMergeSort,random,600,1990.48,6119
StrQuickSort,random,600,346.98,6071
StrMergeSort,random,600,2916.96,5360
MsdRadix,random,600,441.06,0
MsdRadixQuick,random,600,272.44,1357
StdQuickSort,reverse,600,257.98,7318
StdMergeSort,reverse,600,1751.42,4430
StrQuickSort,reverse,600,209.36,4487
StrMergeSort,reverse,600,2317.56,3386
MsdRadix,reverse,600,835.88,0
MsdRadixQuick,reverse,600,365.10,2244
StdQuickSort,almost,600,208.56,7175
StdMergeSort,almost,600,1719.00,6034
StrQuickSort,almost,600,212.40,4493
StrMergeSort,almost,600,2188.58,4716
MsdRadix,almost,600,392.48,0
MsdRadixQuick,almost,600,295.70,2268
StdQuickSort,prefix,600,1555.08,77916
StdMergeSort,prefix,600,2731.78,63665
StrQuickSort,prefix,600,322.50,12222
StrMergeSort,prefix,600,3271.66,12494
MsdRadix,prefix,600,1210.62,0
MsdRadixQuick,prefix,600,1250.20,1322
StdQuickSort,random,700,333.58,8576
StdMergeSort,random,700,1971.50,7415
StrQuickSort,random,700,305.54,6102
StrMergeSort,random,700,2547.88,6407
MsdRadix,random,700,484.92,0
MsdRadixQuick,random,700,308.84,1726
StdQuickSort,reverse,700,307.20,8811
StdMergeSort,reverse,700,2085.82,5266
StrQuickSort,reverse,700,254.76,5267
StrMergeSort,reverse,700,2722.98,4016
MsdRadix,reverse,700,696.16,0
MsdRadixQuick,reverse,700,355.08,2613
StdQuickSort,almost,700,251.70,8400
StdMergeSort,almost,700,2079.80,7086
StrQuickSort,almost,700,259.16,5439
StrMergeSort,almost,700,2870.56,5563
MsdRadix,almost,700,461.84,0
MsdRadixQuick,almost,700,371.26,2637
StdQuickSort,prefix,700,2362.36,118551
StdMergeSort,prefix,700,3236.66,76012
StrQuickSort,prefix,700,418.70,14986
StrMergeSort,prefix,700,3951.24,14712
MsdRadix,prefix,700,1399.94,0
MsdRadixQuick,prefix,700,1494.76,1643
StdQuickSort,random,800,469.96,11545
StdMergeSort,random,800,2443.56,8816
StrQuickSort,random,800,412.34,8039
StrMergeSort,random,800,3008.80,7534
MsdRadix,random,800,581.62,0
MsdRadixQuick,random,800,401.88,2103
StdQuickSort,reverse,800,359.66,10149
StdMergeSort,reverse,800,2206.14,6103
StrQuickSort,reverse,800,300.68,6280
StrMergeSort,reverse,800,4937.06,4687
MsdRadix,reverse,800,699.32,0
MsdRadixQuick,reverse,800,397.66,2943
StdQuickSort,almost,800,294.82,9767
StdMergeSort,almost,800,2192.14,8610
StrQuickSort,almost,800,294.24,6282
StrMergeSort,almost,800,2964.14,6778
MsdRadix,almost,800,532.50,0
MsdRadixQuick,almost,800,391.18,3022
StdQuickSort,prefix,800,2255.88,111096
StdMergeSort,prefix,800,3726.58,89043
StrQuickSort,prefix,800,569.06,17056
StrMergeSort,prefix,800,4606.86,16990
MsdRadix,prefix,800,1768.58,0
MsdRadixQuick,prefix,800,1401.68,2000
StdQuickSort,random,900,612.26,11803
StdMergeSort,random,900,2761.46,10170
StrQuickSort,random,900,589.74,8577
StrMergeSort,random,900,3788.42,8609
MsdRadix,random,900,597.04,0
MsdRadixQuick,random,900,508.36,2512
StdQuickSort,reverse,900,421.06,11518
StdMergeSort,reverse,900,2519.34,7040
StrQuickSort,reverse,900,335.68,7110
StrMergeSort,reverse,900,3470.76,5382
MsdRadix,reverse,900,684.84,0
MsdRadixQuick,reverse,900,592.42,3310
StdQuickSort,almost,900,415.36,11178
StdMergeSort,almost,900,2579.10,9442
StrQuickSort,almost,900,391.08,7264
StrMergeSort,almost,900,3323.76,7579
MsdRadix,almost,900,579.54,0
MsdRadixQuick,almost,900,438.30,3370
StdQuickSort,prefix,900,2509.08,125548
StdMergeSort,prefix,900,4380.06,102347
StrQuickSort,prefix,900,539.88,19459
StrMergeSort,prefix,900,5157.78,19270
MsdRadix,prefix,900,1806.60,0
MsdRadixQuick,prefix,900,2280.64,2423
StdQuickSort,random,1000,917.60,14442
StdMergeSort,random,1000,2955.00,11628
StrQuickSort,random,1000,526.38,9674
StrMergeSort,random,1000,3824.64,9745
MsdRadix,random,1000,710.36,0
MsdRadixQuick,random,1000,501.36,2937
StdQuickSort,reverse,1000,475.98,12881
StdMergeSort,reverse,1000,2820.28,7995
StrQuickSort,reverse,1000,375.38,8041
StrMergeSort,reverse,1000,3680.56,6130
MsdRadix,reverse,1000,793.90,0
MsdRadixQuick,reverse,1000,497.06,3664
StdQuickSort,almost,1000,383.22,12351
StdMergeSort,almost,1000,2774.62,10666
StrQuickSort,almost,1000,387.06,8201
StrMergeSort,almost,1000,3659.76,8627
MsdRadix,almost,1000,647.94,0
MsdRadixQuick,almost,1000,486.60,3725
StdQuickSort,prefix,1000,3118.04,155260
StdMergeSort,prefix,1000,4858.42,115670
StrQuickSort,prefix,1000,650.70,22573
StrMergeSort,prefix,1000,5851.34,21560
MsdRadix,prefix,1000,2591.82,0
MsdRadixQuick,prefix,1000,1830.64,2976
StdQuickSort,random,1100,679.92,17230
StdMergeSort,random,1100,3272.68,13118
StrQuickSort,random,1100,580.92,11646
StrMergeSort,random,1100,4187.96,10890
MsdRadix,random,1100,740.62,0
MsdRadixQuick,random,1100,526.14,3507
StdQuickSort,reverse,1100,528.16,14451
StdMergeSort,reverse,1100,3014.82,8754
StrQuickSort,reverse,1100,458.26,8980
StrMergeSort,reverse,1100,4018.94,6742
MsdRadix,reverse,1100,826.56,0
MsdRadixQuick,reverse,1100,583.40,4048
StdQuickSort,almost,1100,423.84,14025
StdMergeSort,almost,1100,3008.86,11887
StrQuickSort,almost,1100,437.58,9263
StrMergeSort,almost,1100,4106.66,9619
MsdRadix,almost,1100,717.66,0
MsdRadixQuick,almost,1100,543.62,4066
StdQuickSort,prefix,1100,3182.66,158051
StdMergeSort,prefix,1100,5417.22,129780
StrQuickSort,prefix,1100,687.26,24363
StrMergeSort,prefix,1100,9113.56,23935
MsdRadix,prefix,1100,2248.24,0
MsdRadixQuick,prefix,1100,2282.20,3323
StdQuickSort,random,1200,677.02,16745
StdMergeSort,random,1200,3576.08,14550
StrQuickSort,random,1200,578.08,11314
StrMergeSort,random,1200,4567.34,12051
MsdRadix,random,1200,795.86,0
MsdRadixQuick,random,1200,597.52,3927
StdQuickSort,reverse,1200,562.28,15729
StdMergeSort,reverse,1200,3340.14,9423
StrQuickSort,reverse,1200,477.78,10164
StrMergeSort,reverse,1200,4437.42,7358
MsdRadix,reverse,1200,904.90,0
MsdRadixQuick,reverse,1200,588.36,4401
StdQuickSort,almost,1200,456.90,15324
StdMergeSort,almost,1200,3372.68,13379
StrQuickSort,almost,1200,501.58,10431
StrMergeSort,almost,1200,4580.60,10664
MsdRadix,almost,1200,885.96,0
MsdRadixQuick,almost,1200,603.18,4443
StdQuickSort,prefix,1200,3767.12,181045
StdMergeSort,prefix,1200,7134.84,143697
StrQuickSort,prefix,1200,800.46,26497
StrMergeSort,prefix,1200,7447.32,26293
MsdRadix,prefix,1200,2460.14,0
MsdRadixQuick,prefix,1200,2321.92,3773
StdQuickSort,random,1300,881.70,21713
StdMergeSort,random,1300,3893.92,16068
StrQuickSort,random,1300,716.90,13562
StrMergeSort,random,1300,5316.64,13203
MsdRadix,random,1300,974.68,0
MsdRadixQuick,random,1300,675.18,4346
StdQuickSort,reverse,1300,619.92,17585
StdMergeSort,reverse,1300,3712.42,10343
StrQuickSort,reverse,1300,513.58,10823
StrMergeSort,reverse,1300,4856.72,8040
MsdRadix,reverse,1300,1031.74,0
MsdRadixQuick,reverse,1300,641.68,4756
StdQuickSort,almost,1300,486.50,16719
StdMergeSort,almost,1300,3646.80,14520
StrQuickSort,almost,1300,588.70,11406
StrMergeSort,almost,1300,5083.98,11715
MsdRadix,almost,1300,861.80,0
MsdRadixQuick,almost,1300,646.58,4864
StdQuickSort,prefix,1300,4501.38,224564
StdMergeSort,prefix,1300,7535.12,158319
StrQuickSort,prefix,1300,905.88,28305
StrMergeSort,prefix,1300,8106.38,28692
MsdRadix,prefix,1300,2686.08,0
MsdRadixQuick,prefix,1300,2331.16,4311
StdQuickSort,random,1400,920.24,21522
StdMergeSort,random,1400,4220.34,17576
StrQuickSort,random,1400,755.56,14212
StrMergeSort,random,1400,5455.44,14378
MsdRadix,random,1400,978.50,0
MsdRadixQuick,random,1400,703.46,4874
StdQuickSort,reverse,1400,686.90,18872
StdMergeSort,reverse,1400,4125.00,11155
StrQuickSort,reverse,1400,566.32,11906
StrMergeSort,reverse,1400,5349.08,8730
MsdRadix,reverse,1400,1173.24,0
MsdRadixQuick,reverse,1400,700.00,5133
StdQuickSort,almost,1400,527.14,18164
StdMergeSort,almost,1400,4077.90,15965
StrQuickSort,almost,1400,620.70,12186
StrMergeSort,almost,1400,5603.16,12824
MsdRadix,almost,1400,927.58,0
MsdRadixQuick,almost,1400,701.84,5239
StdQuickSort,prefix,1400,4698.34,212451
StdMergeSort,prefix,1400,7702.32,171642
StrQuickSort,prefix,1400,956.80,30724
StrMergeSort,prefix,1400,8656.62,30973
MsdRadix,prefix,1400,2809.44,0
MsdRadixQuick,prefix,1400,2858.96,4955
StdQuickSort,random,1500,1292.70,24610
StdMergeSort,random,1500,4663.88,19137
StrQuickSort,random,1500,794.98,14312
StrMergeSort,random,1500,6009.92,15580
MsdRadix,random,1500,1057.00,0
MsdRadixQuick,random,1500,759.88,5308
StdQuickSort,reverse,1500,794.26,20353
StdMergeSort,reverse,1500,4539.04,12136
StrQuickSort,reverse,1500,617.96,13004
StrMergeSort,reverse,1500,5804.62,9462
MsdRadix,reverse,1500,1143.26,0
MsdRadixQuick,reverse,1500,739.42,5495
StdQuickSort,almost,1500,615.66,19847
StdMergeSort,almost,1500,4402.58,17488
StrQuickSort,almost,1500,718.40,13336
StrMergeSort,almost,1500,5867.32,13998
MsdRadix,almost,1500,1088.66,0
MsdRadixQuick,almost,1500,825.12,5613
StdQuickSort,prefix,1500,5397.92,235603
StdMergeSort,prefix,1500,7838.78,186474
StrQuickSort,prefix,1500,1022.10,35290
StrMergeSort,prefix,1500,9275.30,33381
MsdRadix,prefix,1500,3009.90,0
MsdRadixQuick,prefix,1500,2740.62,5540
StdQuickSort,random,1600,1010.92,25368
StdMergeSort,random,1600,4969.04,20803
StrQuickSort,random,1600,898.70,17002
StrMergeSort,random,1600,6529.46,16814
MsdRadix,random,1600,1139.34,0
MsdRadixQuick,random,1600,856.12,5922
StdQuickSort,reverse,1600,824.04,21987
StdMergeSort,reverse,1600,4739.54,13001
StrQuickSort,reverse,1600,665.66,14008
StrMergeSort,reverse,1600,6368.38,10174
MsdRadix,reverse,1600,1323.76,0
MsdRadixQuick,reverse,1600,811.66,5873
StdQuickSort,almost,1600,732.70,21472
StdMergeSort,almost,1600,4679.78,18617
StrQuickSort,almost,1600,693.94,14541
StrMergeSort,almost,1600,6490.52,14997
MsdRadix,almost,1600,1198.24,0
MsdRadixQuick,almost,1600,812.26,5995
StdQuickSort,prefix,1600,5365.96,260726
StdMergeSort,prefix,1600,8293.68,200717
StrQuickSort,prefix,1600,1228.74,39392
StrMergeSort,prefix,1600,9938.10,35742
MsdRadix,prefix,1600,3309.84,0
MsdRadixQuick,prefix,1600,2959.06,5833
StdQuickSort,random,1700,1056.86,26199
StdMergeSort,random,1700,5495.44,22351
StrQuickSort,random,1700,897.42,17428
StrMergeSort,random,1700,7021.78,18022
MsdRadix,random,1700,1337.28,0
MsdRadixQuick,random,1700,906.62,6472
StdQuickSort,reverse,1700,827.42,23353
StdMergeSort,reverse,1700,5046.86,13876
StrQuickSort,reverse,1700,730.96,14963
StrMergeSort,reverse,1700,6685.26,10879
MsdRadix,reverse,1700,1331.74,0
MsdRadixQuick,reverse,1700,869.68,6223
StdQuickSort,almost,1700,666.90,22832
StdMergeSort,almost,1700,5103.86,19977
StrQuickSort,almost,1700,826.58,16336
StrMergeSort,almost,1700,8285.38,16135
MsdRadix,almost,1700,1201.26,0
MsdRadixQuick,almost,1700,857.02,6365
StdQuickSort,prefix,1700,5443.52,265901
StdMergeSort,prefix,1700,8817.26,215457
StrQuickSort,prefix,1700,1135.28,39193
StrMergeSort,prefix,1700,10893.96,38149
MsdRadix,prefix,1700,3596.96,0
MsdRadixQuick,prefix,1700,3183.58,6314
StdQuickSort,random,1800,1332.90,28747
StdMergeSort,random,1800,5883.98,23944
StrQuickSort,random,1800,924.02,17466
StrMergeSort,random,1800,7508.20,19216
MsdRadix,random,1800,1459.66,0
MsdRadixQuick,random,1800,985.54,6855
StdQuickSort,reverse,1800,916.60,24782
StdMergeSort,reverse,1800,5606.20,14955
StrQuickSort,reverse,1800,762.92,15878
StrMergeSort,reverse,1800,7311.98,11677
MsdRadix,reverse,1800,1481.56,0
MsdRadixQuick,reverse,1800,939.42,6609
StdQuickSort,almost,1800,705.26,24156
StdMergeSort,almost,1800,5786.88,20788
StrQuickSort,almost,1800,1056.44,16576
StrMergeSort,almost,1800,7173.84,16855
MsdRadix,almost,1800,1204.66,0
MsdRadixQuick,almost,1800,977.32,6758
StdQuickSort,prefix,1800,6098.70,302128
StdMergeSort,prefix,1800,9501.84,230157
StrQuickSort,prefix,1800,1251.78,42654
StrMergeSort,prefix,1800,11149.96,40532
MsdRadix,prefix,1800,3824.60,0
MsdRadixQuick,prefix,1800,3552.46,6837
StdQuickSort,random,1900,1482.02,30199
StdMergeSort,random,1900,6219.64,25616
StrQuickSort,random,1900,1129.22,20143
StrMergeSort,random,1900,8096.90,20480
MsdRadix,random,1900,1398.80,0
MsdRadixQuick,random,1900,1073.34,7251
StdQuickSort,reverse,1900,1000.22,26275
StdMergeSort,reverse,1900,6019.96,15842
StrQuickSort,reverse,1900,810.30,16970
StrMergeSort,reverse,1900,7751.28,12428
MsdRadix,reverse,1900,1604.20,0
MsdRadixQuick,reverse,1900,949.32,6972
StdQuickSort,almost,1900,819.98,26617
StdMergeSort,almost,1900,6576.72,22038
StrQuickSort,almost,1900,846.66,17380
StrMergeSort,almost,1900,7704.48,17891
MsdRadix,almost,1900,1261.46,0
MsdRadixQuick,almost,1900,992.70,7141
StdQuickSort,prefix,1900,6055.46,292990
StdMergeSort,prefix,1900,10030.42,244707
StrQuickSort,prefix,1900,1295.90,44382
StrMergeSort,prefix,1900,12043.28,42929
MsdRadix,prefix,1900,3944.88,0
MsdRadixQuick,prefix,1900,3573.20,7542
StdQuickSort,random,2000,1277.94,34116
StdMergeSort,random,2000,6550.80,27256
StrQuickSort,random,2000,1079.48,21202
StrMergeSort,random,2000,8242.72,21680
MsdRadix,random,2000,1583.16,0
MsdRadixQuick,random,2000,1086.56,7883
StdQuickSort,reverse,2000,1063.74,27804
StdMergeSort,reverse,2000,6115.02,17016
StrQuickSort,reverse,2000,991.40,17944
StrMergeSort,reverse,2000,7931.62,13267
MsdRadix,reverse,2000,1586.84,0
MsdRadixQuick,reverse,2000,1047.22,7346
StdQuickSort,almost,2000,836.60,28087
StdMergeSort,almost,2000,7083.92,23402
StrQuickSort,almost,2000,982.98,18455
StrMergeSort,almost,2000,8489.74,19087
MsdRadix,almost,2000,1381.54,0
MsdRadixQuick,almost,2000,1147.54,7545
StdQuickSort,prefix,2000,6914.38,340382
StdMergeSort,prefix,2000,11027.80,259402
StrQuickSort,prefix,2000,1325.00,44596
StrMergeSort,prefix,2000,13273.28,45316
MsdRadix,prefix,2000,5029.48,0
MsdRadixQuick,prefix,2000,4172.34,8026
StdQuickSort,random,2100,1308.40,34146
StdMergeSort,random,2100,6641.64,28921
StrQuickSort,random,2100,1164.46,22829
StrMergeSort,random,2100,8695.76,22937
MsdRadix,random,2100,1614.94,0
MsdRadixQuick,random,2100,1139.54,8667
StdQuickSort,reverse,2100,1058.76,29366
StdMergeSort,reverse,2100,6521.62,17864
StrQuickSort,reverse,2100,900.08,18984
StrMergeSort,reverse,2100,8479.30,13980
MsdRadix,reverse,2100,1657.46,0
MsdRadixQuick,reverse,2100,1081.86,7702
StdQuickSort,almost,2100,1073.78,29616
StdMergeSort,almost,2100,7257.88,24243
StrQuickSort,almost,2100,921.48,19279
StrMergeSort,almost,2100,9162.46,19732
MsdRadix,almost,2100,1425.78,0
MsdRadixQuick,almost,2100,1126.98,7926
StdQuickSort,prefix,2100,7354.86,364121
StdMergeSort,prefix,2100,11607.38,274666
StrQuickSort,prefix,2100,1367.30,47278
StrMergeSort,prefix,2100,13514.38,47782
MsdRadix,prefix,2100,4598.98,0
MsdRadixQuick,prefix,2100,3979.54,8528
StdQuickSort,random,2200,1376.42,34982
StdMergeSort,random,2200,7642.74,30631
StrQuickSort,random,2200,1310.76,23614
StrMergeSort,random,2200,13257.28,24208
MsdRadix,random,2200,1707.84,0
MsdRadixQuick,random,2200,1320.60,8940
StdQuickSort,reverse,2200,1107.70,30926
StdMergeSort,reverse,2200,6819.84,18625
StrQuickSort,reverse,2200,954.00,20139
StrMergeSort,reverse,2200,9344.46,14592
MsdRadix,reverse,2200,1764.02,0
MsdRadixQuick,reverse,2200,1128.52,8099
StdQuickSort,almost,2200,977.16,31560
StdMergeSort,almost,2200,7037.74,25911
StrQuickSort,almost,2200,1001.88,20443
StrMergeSort,almost,2200,9602.18,21119
MsdRadix,almost,2200,1513.42,0
MsdRadixQuick,almost,2200,1195.84,8328
StdQuickSort,prefix,2200,7689.84,357588
StdMergeSort,prefix,2200,12285.96,289950
StrQuickSort,prefix,2200,1604.88,52241
StrMergeSort,prefix,2200,14000.64,50238
MsdRadix,prefix,2200,4725.36,0
MsdRadixQuick,prefix,2200,4556.52,9071
StdQuickSort,random,2300,1700.34,40605
StdMergeSort,random,2300,7532.52,32330
StrQuickSort,random,2300,1535.38,29657
StrMergeSort,random,2300,10193.52,25492
MsdRadix,random,2300,1935.52,0
MsdRadixQuick,random,2300,1319.52,9644
StdQuickSort,reverse,2300,1599.26,32733
StdMergeSort,reverse,2300,7447.28,19303
StrQuickSort,reverse,2300,1011.08,21252
StrMergeSort,reverse,2300,10136.84,15291
MsdRadix,reverse,2300,2052.28,0
MsdRadixQuick,reverse,2300,1216.90,8484
StdQuickSort,almost,2300,1017.38,33949
StdMergeSort,almost,2300,7302.00,27343
StrQuickSort,almost,2300,1218.00,21493
StrMergeSort,almost,2300,9624.94,22094
MsdRadix,almost,2300,1821.56,0
MsdRadixQuick,almost,2300,1185.04,8719
StdQuickSort,prefix,2300,8062.32,372845
StdMergeSort,prefix,2300,12714.26,305524
StrQuickSort,prefix,2300,1697.52,54663
StrMergeSort,prefix,2300,14807.80,52718
MsdRadix,prefix,2300,4784.72,0
MsdRadixQuick,prefix,2300,4412.62,9880
StdQuickSort,random,2400,1561.22,41278
StdMergeSort,random,2400,10018.46,34034
StrQuickSort,random,2400,1647.94,29752
StrMergeSort,random,2400,12457.62,26776
MsdRadix,random,2400,2436.06,0
MsdRadixQuick,random,2400,1800.94,10215
StdQuickSort,reverse,2400,1639.10,34080
StdMergeSort,reverse,2400,9767.68,20091
StrQuickSort,reverse,2400,1690.04,22323
StrMergeSort,reverse,2400,12689.76,15937
MsdRadix,reverse,2400,2124.10,0
MsdRadixQuick,reverse,2400,1434.18,8857
StdQuickSort,almost,2400,1605.52,36154
StdMergeSort,almost,2400,9176.12,29075
StrQuickSort,almost,2400,1452.68,22416
StrMergeSort,almost,2400,12365.46,23367
MsdRadix,almost,2400,1854.22,0
MsdRadixQuick,almost,2400,1948.16,9125
StdQuickSort,prefix,2400,9836.54,407308
StdMergeSort,prefix,2400,16482.04,321386
StrQuickSort,prefix,2400,1929.50,55792
StrMergeSort,prefix,2400,19293.30,55206
MsdRadix,prefix,2400,6488.68,0
MsdRadixQuick,prefix,2400,5501.82,10533
StdQuickSort,random,2500,1638.38,42837
StdMergeSort,random,2500,9279.74,35684
StrQuickSort,random,2500,1588.08,26114
StrMergeSort,random,2500,11236.12,28019
MsdRadix,random,2500,2013.52,0
MsdRadixQuick,random,2500,1415.82,10887
StdQuickSort,reverse,2500,1363.98,35935
StdMergeSort,reverse,2500,7811.26,21025
StrQuickSort,reverse,2500,1123.36,23263
StrMergeSort,reverse,2500,11230.78,16668
MsdRadix,reverse,2500,2026.32,0
MsdRadixQuick,reverse,2500,1277.08,9242
StdQuickSort,almost,2500,1181.74,38424
StdMergeSort,almost,2500,8008.28,29932
StrQuickSort,almost,2500,1120.80,23369
StrMergeSort,almost,2500,11063.94,23958
MsdRadix,almost,2500,1909.04,0
MsdRadixQuick,almost,2500,1619.24,9520
StdQuickSort,prefix,2500,9841.56,415215
StdMergeSort,prefix,2500,19223.10,336407
StrQuickSort,prefix,2500,2376.42,58245
StrMergeSort,prefix,2500,17375.94,57607
MsdRadix,prefix,2500,8666.46,0
MsdRadixQuick,prefix,2500,6899.08,11023
StdQuickSort,random,2600,2194.42,46003
StdMergeSort,random,2600,11147.94,37489
StrQuickSort,random,2600,1824.12,32448
StrMergeSort,random,2600,12209.30,29335
MsdRadix,random,2600,2046.66,0
MsdRadixQuick,random,2600,1634.80,11679
StdQuickSort,reverse,2600,1438.36,37640
StdMergeSort,reverse,2600,8095.62,22048
StrQuickSort,reverse,2600,1348.36,24409
StrMergeSort,reverse,2600,11859.88,17398
MsdRadix,reverse,2600,2115.82,0
MsdRadixQuick,reverse,2600,1358.72,9611
StdQuickSort,almost,2600,1248.44,40472
StdMergeSort,almost,2600,8112.28,31285
StrQuickSort,almost,2600,1164.02,24414
StrMergeSort,almost,2600,10909.38,25078
MsdRadix,almost,2600,1823.80,0
MsdRadixQuick,almost,2600,1342.10,9908
StdQuickSort,prefix,2600,10603.54,465459
StdMergeSort,prefix,2600,19711.30,352557
StrQuickSort,prefix,2600,2153.02,61315
StrMergeSort,prefix,2600,18035.06,60130
MsdRadix,prefix,2600,5755.58,0
MsdRadixQuick,prefix,2600,5317.92,11571
StdQuickSort,random,2700,2069.64,48303
StdMergeSort,random,2700,9026.16,39204
StrQuickSort,random,2700,1646.42,31342
StrMergeSort,random,2700,11697.14,30616
MsdRadix,random,2700,2098.74,0
MsdRadixQuick,random,2700,1579.68,12032
StdQuickSort,reverse,2700,1429.16,39174
StdMergeSort,reverse,2700,8748.16,22911
StrQuickSort,reverse,2700,1925.50,25558
StrMergeSort,reverse,2700,12040.12,18097
MsdRadix,reverse,2700,2246.80,0
MsdRadixQuick,reverse,2700,1809.66,9973
StdQuickSort,almost,2700,1669.26,42177
StdMergeSort,almost,2700,11436.44,32664
StrQuickSort,almost,2700,1469.18,25874
StrMergeSort,almost,2700,15292.44,26100
MsdRadix,almost,2700,2441.48,0
MsdRadixQuick,almost,2700,1703.14,10257
StdQuickSort,prefix,2700,12936.62,556544
StdMergeSort,prefix,2700,17754.86,367546
StrQuickSort,prefix,2700,2006.08,63551
StrMergeSort,prefix,2700,19813.62,62552
MsdRadix,prefix,2700,6147.90,0
MsdRadixQuick,prefix,2700,5938.32,12197
StdQuickSort,random,2800,3076.48,53992
StdMergeSort,random,2800,9650.72,40965
StrQuickSort,random,2800,1686.80,33132
StrMergeSort,random,2800,11905.10,31915
MsdRadix,random,2800,2204.80,0
MsdRadixQuick,random,2800,1591.10,12647
StdQuickSort,reverse,2800,1473.62,40641
StdMergeSort,reverse,2800,9697.12,23829
StrQuickSort,reverse,2800,1411.94,26676
StrMergeSort,reverse,2800,11985.62,18866
MsdRadix,reverse,2800,2168.28,0
MsdRadixQuick,reverse,2800,1438.28,10360
StdQuickSort,almost,2800,1369.00,43846
StdMergeSort,almost,2800,8954.46,33770
StrQuickSort,almost,2800,1474.14,26527
StrMergeSort,almost,2800,12192.10,27115
MsdRadix,almost,2800,1947.78,0
MsdRadixQuick,almost,2800,1504.62,10645
StdQuickSort,prefix,2800,10348.22,521856
StdMergeSort,prefix,2800,15861.44,383381
StrQuickSort,prefix,2800,1944.34,65144
StrMergeSort,prefix,2800,18523.80,65072
MsdRadix,prefix,2800,5914.00,0
MsdRadixQuick,prefix,2800,5484.04,12643
StdQuickSort,random,2900,1907.44,50548
StdMergeSort,random,2900,9942.64,42725
StrQuickSort,random,2900,1769.18,34393
StrMergeSort,random,2900,13330.86,33231
MsdRadix,random,2900,2905.30,0
MsdRadixQuick,random,2900,2138.62,13335
StdQuickSort,reverse,2900,1759.20,42366
StdMergeSort,reverse,2900,12185.00,24719
StrQuickSort,reverse,2900,1758.86,27679
StrMergeSort,reverse,2900,15473.54,19623
MsdRadix,reverse,2900,2711.04,0
MsdRadixQuick,reverse,2900,1744.24,10755
StdQuickSort,almost,2900,1473.72,46114
StdMergeSort,almost,2900,10706.82,35115
StrQuickSort,almost,2900,1349.66,27785
StrMergeSort,almost,2900,12473.60,28129
MsdRadix,almost,2900,2782.82,0
MsdRadixQuick,almost,2900,1828.36,11050
StdQuickSort,prefix,2900,11359.02,520366
StdMergeSort,prefix,2900,19888.02,399061
StrQuickSort,prefix,2900,2107.72,67092
StrMergeSort,prefix,2900,21421.56,67552
MsdRadix,prefix,2900,8553.24,0
MsdRadixQuick,prefix,2900,7939.04,13351
StdQuickSort,random,3000,2399.14,55052
StdMergeSort,random,3000,13493.68,44519
StrQuickSort,random,3000,2415.44,33220
StrMergeSort,random,3000,16376.66,34551
MsdRadix,random,3000,3089.16,0
MsdRadixQuick,random,3000,2334.02,14071
StdQuickSort,reverse,3000,1620.74,43925
StdMergeSort,reverse,3000,10642.88,25881
StrQuickSort,reverse,3000,1645.54,28873
StrMergeSort,reverse,3000,15815.62,20454
MsdRadix,reverse,3000,2626.98,0
MsdRadixQuick,reverse,3000,1796.42,11137
StdQuickSort,almost,3000,1585.70,49088
StdMergeSort,almost,3000,9452.40,36394
StrQuickSort,almost,3000,1472.16,29285
StrMergeSort,almost,3000,12467.76,28940
MsdRadix,almost,3000,2002.06,0
MsdRadixQuick,almost,3000,1463.66,11485
StdQuickSort,prefix,3000,11082.60,556750
StdMergeSort,prefix,3000,17444.90,415253
StrQuickSort,prefix,3000,2752.26,70229
StrMergeSort,prefix,3000,27047.20,70086
MsdRadix,prefix,3000,8983.98,0
MsdRadixQuick,prefix,3000,7583.36,13826
